team,win_prob
NE,0.6901796186001556
HOU,0.30982038139984436
